{"cameraMode":{"drawMode":0,"name":"Shaded","section":"Shading Mode"},"sceneLighting":true,"audioPlay":false,"sceneViewState":{"showFog":true,"showMaterialUpdate":true,"showSkybox":true,"showFlares":true,"showImageEffects":false,"showParticleSystems":true},"in2DMode":false,"pivot":{"x":-4.9962568283081059,"y":-220.8455810546875,"z":75.07286834716797},"rotation":{"x":-0.56608647108078,"y":0.11438419669866562,"z":-0.08100280165672302,"w":-0.8124220967292786},"size":271.2441711425781,"orthographic":false}