{"cameraMode":{"drawMode":0,"name":"Shaded","section":"Shading Mode"},"sceneLighting":false,"audioPlay":false,"sceneViewState":{"showFog":true,"showMaterialUpdate":true,"showSkybox":true,"showFlares":true,"showImageEffects":false,"showParticleSystems":true},"in2DMode":false,"pivot":{"x":1.2575266361236573,"y":-0.6504058837890625,"z":2.6762313842773439},"rotation":{"x":-0.47214341163635256,"y":0.0070942360907793049,"z":-0.0049943458288908009,"w":-0.8815475702285767},"size":36.98614501953125,"orthographic":false}