{"cameraMode":{"drawMode":0,"name":"Shaded","section":"Shading Mode"},"sceneLighting":false,"audioPlay":false,"sceneViewState":{"showFog":true,"showMaterialUpdate":true,"showSkybox":true,"showFlares":true,"showImageEffects":false,"showParticleSystems":true},"in2DMode":false,"pivot":{"x":1.58440363407135,"y":-0.18022537231445313,"z":0.6756660342216492},"rotation":{"x":0.7024341225624085,"y":-0.0008468359592370689,"z":0.0008362850057892501,"w":0.7117518186569214},"size":11.633535385131836,"orthographic":false}