{"cameraMode":{"drawMode":0,"name":"Shaded","section":"Shading Mode"},"sceneLighting":true,"audioPlay":false,"sceneViewState":{"showFog":true,"showMaterialUpdate":true,"showSkybox":true,"showFlares":true,"showImageEffects":false,"showParticleSystems":true},"in2DMode":false,"pivot":{"x":-16.382932662963868,"y":0.3312962055206299,"z":-8.694845199584961},"rotation":{"x":-0.605586051940918,"y":0.08568484336137772,"z":-0.06805989146232605,"w":-0.7883548140525818},"size":4.860169410705566,"orthographic":false}