{"cameraMode":{"drawMode":0,"name":"Shaded","section":"Shading Mode"},"sceneLighting":false,"audioPlay":false,"sceneViewState":{"showFog":true,"showMaterialUpdate":true,"showSkybox":true,"showFlares":true,"showImageEffects":false,"showParticleSystems":true},"in2DMode":false,"pivot":{"x":1.2575266361236573,"y":-0.6504058837890625,"z":2.6762313842773439},"rotation":{"x":-0.46910393238067629,"y":-0.039211105555295947,"z":0.01971415989100933,"w":-0.8821089863777161},"size":15.184977531433106,"orthographic":false}