{"cameraMode":{"drawMode":0,"name":"Shaded","section":"Shading Mode"},"sceneLighting":true,"audioPlay":false,"sceneViewState":{"showFog":true,"showMaterialUpdate":true,"showSkybox":true,"showFlares":true,"showImageEffects":false,"showParticleSystems":true},"in2DMode":false,"pivot":{"x":4.843667030334473,"y":-2.120454788208008,"z":-0.9664077758789063},"rotation":{"x":0.2511463165283203,"y":-0.07500143349170685,"z":0.0207161083817482,"w":0.9649130702018738},"size":31.03890609741211,"orthographic":false}