{"cameraMode":{"drawMode":0,"name":"Shaded","section":"Shading Mode"},"sceneLighting":false,"audioPlay":false,"sceneViewState":{"showFog":true,"showMaterialUpdate":true,"showSkybox":true,"showFlares":true,"showImageEffects":false,"showParticleSystems":true},"in2DMode":false,"pivot":{"x":1.2575266361236573,"y":-0.6504058837890625,"z":2.6762313842773439},"rotation":{"x":-0.6420666575431824,"y":0.008257686160504818,"z":-0.008225084282457829,"w":-0.7666261196136475},"size":39.934043884277347,"orthographic":false}