{"cameraMode":{"drawMode":0,"name":"Shaded","section":"Shading Mode"},"sceneLighting":false,"audioPlay":false,"sceneViewState":{"showFog":true,"showMaterialUpdate":true,"showSkybox":true,"showFlares":true,"showImageEffects":false,"showParticleSystems":true},"in2DMode":false,"pivot":{"x":-2.6528067588806154,"y":-278.1883850097656,"z":23.060380935668947},"rotation":{"x":-0.6803068518638611,"y":0.008890680968761444,"z":-0.009694834239780903,"w":-0.7328947186470032},"size":311.1517028808594,"orthographic":false}