{"cameraMode":{"drawMode":0,"name":"Shaded","section":"Shading Mode"},"sceneLighting":true,"audioPlay":false,"sceneViewState":{"showFog":true,"showMaterialUpdate":true,"showSkybox":true,"showFlares":true,"showImageEffects":false,"showParticleSystems":true},"in2DMode":false,"pivot":{"x":-14.330795288085938,"y":-9.592253684997559,"z":-2.174104690551758},"rotation":{"x":-0.4921601116657257,"y":0.08124412596225739,"z":-0.048269856721162799,"w":-0.8654887080192566},"size":23.926132202148439,"orthographic":false}